{"pieces":{"11":{"rotation":0,"file":"3CFDQ.png"},"12":{"rotation":0,"file":"LEFcJ.png"},"13":{"rotation":0,"file":"CBGTR.png"},"14":{"rotation":0,"file":"bsnCW.png"},"21":{"rotation":0,"file":"9ioxu.png"},"22":{"rotation":0,"file":"wuXUj.png"},"23":{"rotation":0,"file":"yYWdB.png"},"24":{"rotation":0,"file":"NZgsb.png"},"31":{"rotation":0,"file":"Z4NGX.png"},"32":{"rotation":0,"file":"FRq2u.png"},"33":{"rotation":0,"file":"mbMKJ.png"},"34":{"rotation":0,"file":"hhefb.png"},"41":{"rotation":0,"file":"xNau1.png"},"42":{"rotation":0,"file":"Mh12K.png"},"43":{"rotation":0,"file":"c2P0J.png"},"44":{"rotation":0,"file":"NFBdI.png"},"51":{"rotation":0,"file":"5AUSl.png"},"52":{"rotation":0,"file":"D9CRo.png"},"53":{"rotation":0,"file":"OpcYU.png"},"54":{"rotation":0,"file":"dLceO.png"}}}