-- MySQL dump 10.13  Distrib 5.6.24, for linux-glibc2.5 (x86_64)
--
-- Host: localhost    Database: oe_crossworld
-- ------------------------------------------------------
-- Server version	5.5.5-10.0.20-MariaDB

/*!40101 SET @OLD_CHARACTER_SET_CLIENT=@@CHARACTER_SET_CLIENT */;
/*!40101 SET @OLD_CHARACTER_SET_RESULTS=@@CHARACTER_SET_RESULTS */;
/*!40101 SET @OLD_COLLATION_CONNECTION=@@COLLATION_CONNECTION */;
/*!40101 SET NAMES utf8 */;
/*!40103 SET @OLD_TIME_ZONE=@@TIME_ZONE */;
/*!40103 SET TIME_ZONE='+00:00' */;
/*!40014 SET @OLD_UNIQUE_CHECKS=@@UNIQUE_CHECKS, UNIQUE_CHECKS=0 */;
/*!40014 SET @OLD_FOREIGN_KEY_CHECKS=@@FOREIGN_KEY_CHECKS, FOREIGN_KEY_CHECKS=0 */;
/*!40101 SET @OLD_SQL_MODE=@@SQL_MODE, SQL_MODE='NO_AUTO_VALUE_ON_ZERO' */;
/*!40111 SET @OLD_SQL_NOTES=@@SQL_NOTES, SQL_NOTES=0 */;

--
-- Table structure for table `crossworld_levels`
--

DROP TABLE IF EXISTS `crossworld_levels`;
/*!40101 SET @saved_cs_client     = @@character_set_client */;
/*!40101 SET character_set_client = utf8 */;
CREATE TABLE `crossworld_levels` (
  `level` int(11) NOT NULL,
  `xpos` int(11) DEFAULT NULL,
  `ypos` int(11) DEFAULT NULL,
  `name` varchar(100) DEFAULT NULL,
  PRIMARY KEY (`level`)
) ENGINE=InnoDB DEFAULT CHARSET=latin1;
/*!40101 SET character_set_client = @saved_cs_client */;

--
-- Dumping data for table `crossworld_levels`
--

LOCK TABLES `crossworld_levels` WRITE;
/*!40000 ALTER TABLE `crossworld_levels` DISABLE KEYS */;
INSERT INTO `crossworld_levels` VALUES (1,360,360,'Brazil'),(2,841,227,'China'),(3,935,406,'Australia'),(4,530,164,'England');
/*!40000 ALTER TABLE `crossworld_levels` ENABLE KEYS */;
UNLOCK TABLES;

--
-- Table structure for table `crossworld_qbank`
--

DROP TABLE IF EXISTS `crossworld_qbank`;
/*!40101 SET @saved_cs_client     = @@character_set_client */;
/*!40101 SET character_set_client = utf8 */;
CREATE TABLE `crossworld_qbank` (
  `qno` int(11) NOT NULL,
  `level` int(11) NOT NULL,
  `type` varchar(20) NOT NULL,
  `data` text,
  `image` varchar(45) DEFAULT NULL,
  `answer` text
) ENGINE=InnoDB DEFAULT CHARSET=latin1;
/*!40101 SET character_set_client = @saved_cs_client */;

--
-- Dumping data for table `crossworld_qbank`
--

LOCK TABLES `crossworld_qbank` WRITE;
/*!40000 ALTER TABLE `crossworld_qbank` DISABLE KEYS */;
INSERT INTO `crossworld_qbank` VALUES (1,1,'jigsaw','The mesmerizing view from your hotel room leaves you speechless. Along with the morning breakfast, the hotel offered you a jigsaw puzzle. Solve the jigsaw.',NULL,NULL),(2,1,'question','q2.html',NULL,'Titanium'),(3,1,'question','q3.html',NULL,'Echo sounder'),(4,1,'question','q4.html',NULL,'10:09'),(5,1,'question','q5.html',NULL,'Cerrado'),(6,1,'question','q6.html',NULL,'20'),(7,1,'question','q7.html','planoinclinado.png','8'),(1,2,'jigsaw','W&egrave;nh&ograve;u!!! Welcome to China. You need a room for your stay in China with a condition that it is near to the office of an MNC where you have a meeting the next day. Solve the jigsaw and name the building.',NULL,NULL),(2,2,'question','q2.html',NULL,'140'),(3,2,'question','q3.html',NULL,'I am a series of fortifications made of stone brick tamped earth wood'),(4,2,'question','q4.html',NULL,'Mount Paektu'),(5,2,'question','q5.html',NULL,'17'),(6,2,'question','q6.html','fafb.png','-5206,10778'),(7,2,'question','q7.html',NULL,'Ethylene tetrafluoroethylene'),(1,3,'jigsaw','On the first day of your visit, you were taking a boat ride to explore the city, you notice a magnificent building. Solve the jigsaw.',NULL,NULL),(2,3,'question','q2.html',NULL,'uluru, ayers rock'),(3,3,'question','q3.html',NULL,'3'),(4,3,'question','q4.html',NULL,'50'),(5,3,'question','q5.html',NULL,'Treasure'),(6,3,'question','q6.html','bridge.png','372,53'),(7,3,'question','q7.html',NULL,'31'),(1,4,'jigsaw','On arriving at London (United Kingdom), you decide to explore the city with a red bus city tour. Along with the bus ticket you receive a jigsaw puzzle. To move ahead solve the jigsaw puzzle.',NULL,NULL),(2,4,'question','q2.html','centroid.png','4,5'),(3,4,'question','q3.html',NULL,'12,9O2,6'),(4,4,'question','q4.html',NULL,'12:46'),(5,4,'question','q5.html',NULL,'Graveyard'),(6,4,'question','q6.html',NULL,'Cross Staff'),(7,4,'question','q7.html',NULL,'4198');
/*!40000 ALTER TABLE `crossworld_qbank` ENABLE KEYS */;
UNLOCK TABLES;

--
-- Table structure for table `crossworld_users`
--

DROP TABLE IF EXISTS `crossworld_users`;
/*!40101 SET @saved_cs_client     = @@character_set_client */;
/*!40101 SET character_set_client = utf8 */;
CREATE TABLE `crossworld_users` (
  `username` varchar(50) NOT NULL,
  `level` int(11) NOT NULL,
  `question` int(11) DEFAULT NULL,
  `completed` binary(1) DEFAULT '0',
  `partialCompleted` binary(1) DEFAULT '0',
  `time` int(12) NOT NULL DEFAULT '0',
  PRIMARY KEY (`username`,`time`)
) ENGINE=InnoDB DEFAULT CHARSET=latin1;
/*!40101 SET character_set_client = @saved_cs_client */;

--
-- Dumping data for table `crossworld_users`
--

LOCK TABLES `crossworld_users` WRITE;
/*!40000 ALTER TABLE `crossworld_users` DISABLE KEYS */;
INSERT INTO `crossworld_users` VALUES ('',1,1,'0','0',0),('dummy',1,1,'0','0',0),('kj',4,1,'0','0',1443816621),('test100',1,2,'0','0',1443541905),('zeko',2,0,'0','0',1443548633);
/*!40000 ALTER TABLE `crossworld_users` ENABLE KEYS */;
UNLOCK TABLES;

--
-- Table structure for table `electrific_quest`
--

DROP TABLE IF EXISTS `electrific_quest`;
/*!40101 SET @saved_cs_client     = @@character_set_client */;
/*!40101 SET character_set_client = utf8 */;
CREATE TABLE `electrific_quest` (
  `sr_no` int(11) NOT NULL AUTO_INCREMENT,
  `question_no` int(11) NOT NULL,
  `subgroup` varchar(3000) NOT NULL,
  `question` varchar(3000) NOT NULL,
  `answer` varchar(3000) NOT NULL,
  `file` varchar(3000) NOT NULL,
  PRIMARY KEY (`sr_no`)
) ENGINE=InnoDB AUTO_INCREMENT=93 DEFAULT CHARSET=latin1;
/*!40101 SET character_set_client = @saved_cs_client */;

--
-- Dumping data for table `electrific_quest`
--

LOCK TABLES `electrific_quest` WRITE;
/*!40000 ALTER TABLE `electrific_quest` DISABLE KEYS */;
INSERT INTO `electrific_quest` VALUES (2,1,'A',' Find the voltage across the 5 ohm resistors.','a','uploads/Untitled_picture.jpg'),(3,1,'B',' Find the voltage at the output of the Opamp in volts. 	','a','uploads/Untitled_picture1.jpg'),(5,1,'C',' If the current passing through the 8 ohm resistor is I, find the value of 4I. ','a','uploads/Untitled_picture2.jpg'),(6,1,'D','Circuit shown below has been in steady state when switch S is opened, the current I is given by 10 exp(___ t)','a','uploads/Network-Analysis-1-Q.jpg'),(7,1,'E','A Coulomb is that charge which placed in Vacuum from an equal and similar charge at a distance of one metre repels it with a force of A*10^9 Newton. Find A.','a',''),(8,2,'A','Find i(t) when VS (t) = 100 sin(2510 t).   i(t)= _____ sin(2510t)','a','uploads/Circuit-Theory-Page-11-Q.jpg'),(9,2,'B','In a RLC series circuit consisting VR = 3 V, VC = 8 V and VL = 4 V, Find the value of source excitation voltage.','a',''),(10,2,'C','The current in a circuit follows the relation i = 50sinωt. If frequency is 25 Hz, how long(in ms) will it take for the current to rise to 50 A?','a',''),(12,2,'D','In a pure parallel LC circuit under resonance condition, current drawn from main supply is','a','uploads/Circuit-Theory-Page-13-Q.jpg'),(14,2,'E','A circuit with a resistor, inductor and capacitor in series is resonant of f0 Hz. If all the component values are now doubled the new resonant frequency becomes __f0','a',''),(31,1,'E','A Coulomb is that charge which placed in Vacuum from an equal and similar charge at a distance of one metre repels it with a force of A*10^9 Newton. Find A.','a',''),(32,2,'B','In a RLC series circuit consisting VR = 3 V, VC = 8 V and VL = 4 V, Find the value of source excitation voltage .','a',''),(33,2,'C','The current in a circuit follows the relation i = 50sinωt. If frequency is 25 Hz, how long(in ms) will it take for the current to rise to 50 A ?','a',''),(34,2,'E','A circuit with a resistor, inductor and capacitor in series is resonant of f0 Hz. If all the component values are now doubled the new resonant frequency becomes __f0 ','a',''),(35,3,'A','What is the current (in mA) through R2?  	 	','a','uploads/mcq9_1024_1.jpg'),(36,3,'B','What is the voltage drop (in mV) across R3?','a','uploads/mcq9_1016_1.jpg'),(37,3,'C','Using the mesh current method, find the branch current , IR1(in mA).','a','uploads/mcq9_1016_1.jpg'),(38,3,'C','Using the mesh current method, find the branch current , IR1(in mA).','a','uploads/mcq9_1016_1.jpg'),(39,3,'D','What is the bandwidth of the circuit ? (rounded off to nearest integer)','a','uploads/Untitled_picture_converted.jpg'),(40,3,'E','How much current will flow in a 100 Hz series RLC circuit if Vs  = 20V, Rt = 66ohms and  Xt  =47 ohms in mA?','a',''),(41,4,'A','Find the current through the 2 ohm resistor.','a','uploads/Untitled_picture4.jpg'),(42,4,'B','Find the value of current through 40 ohm resistor in Amperes.','a','uploads/Untitled_picture5.jpg'),(43,4,'C','Find the sum of currents I1, I2 and I3.','a','uploads/Untitled_picture6_converted.jpg'),(44,4,'D',' By means of superposition theorem , find the current which flows through R2.(Rounded off to the nearest integer)','a','uploads/Untitled_picture7_converted.jpg'),(45,4,'E','The force between two charges is 60 Newton. If the distance between them is doubled, find the new force.','a',''),(46,5,'A',' The value of x(2t+3) at t=-2 is','a','uploads/Untitled_picture8_converted.jpg'),(47,5,'B',' The value of x(t/2-1) at t = -2 is','a','uploads/Untitled_picture8_converted.jpg'),(48,5,'B','The value of x(t/2-1) at t = -2 is','a','uploads/1.jpg'),(49,5,'C',' The value of x(3t-1) at t =- 2 is','a','uploads/2.jpg'),(50,5,'D','The value of x(t/2+3) at t = 2 is','a','uploads/3.jpg'),(51,5,'E',' The value of x(4t-3) at t = 2 is','a','uploads/4.jpg'),(52,3,'C','Using the mesh current method, find the branch current IR1(in mA).','a','uploads/132`.jpg'),(55,6,'A','Find whether the discrete-time signal x (n) = (-1)^n is periodic or not. If non-periodic, enter the value 0 and if periodic enter the value of fundamental period .','a',''),(56,6,'B','Find the time period of the continuous time signal , x(t) = sin(pi*t/3) + cos(pi*t/4).','a',''),(57,6,'C',' Find the period of the discrete time signal , x[n] = cos(pi*n) * sin[pi/4 *n].','a',''),(58,6,'D',' If the period of the signal below is of the form n*pi , find n. Given x(t) = cos3  (4t).','a',''),(59,6,'E',' A continuous time periodic signal x(t) having  a period 4 is convolved with itself . Find the time period of the resulting signal.','a',''),(60,7,'A',' Calculate the resistance of a wire of 100m having a uniform cross-section of 0.1 mm^2 ,if the wire is made of Manganin having a resistivity of 50*10^-8 ohm-m.','a',''),(62,7,'B','If the wire is nce would indrawn out to three times its original length , its resistacrease by ____ times.','a',''),(64,7,'C',' An electric lamp consumes 100 watts of power. If the supply voltage is 220V, determine the resistance of the filament.','a',''),(65,7,'D',' The demand for the lightning of a small village is 50A at 200V. This is supplied from a dynamo at a distant station, the generated voltage being 220V. Find the energy consumed in 10 hours in the village in kWh.','a',''),(66,7,'E','A capacitor of capacitance 1mF is charged to 10kV and then discharged through a wire. Find the heat produced in Joules.','a',''),(67,8,'A','Fill in the blank: f(W,X,Y,Z) = min(1,3,5,7,8,12,14) f= (not W)(Z) + (____)(not Y)(not Z)+(W)(X)(not Z)','a',''),(68,8,'A','Fill in the blank: f(W,X,Y,Z) = min(1,3,5,7,8,12,14)       f= (not W)(Z) + (____)(not Y)(not Z)+(W)(X)(not Z)','a',''),(69,8,'B',' Before an SOP implementation the expression X = AB((not C)D + EF) 	would require how many gates?','a',''),(70,8,'C','Convert 25.625 in base 10  to octal.','a',''),(71,8,'D','Convert ABCD (base16) to octal.','a',''),(72,8,'E',' Ones complement of 235(base 10) is (base 10). ','a',''),(73,9,'A','If the input is 0 find the value of Q.','a','uploads/Untitled_picture10.jpg'),(74,9,'B','If the signal given as input to the 4 to 2 decoder is {0,1,0,0} 	 and the output Is A and B. Find the value of A+ B.','a',''),(75,9,'c','If the signal given as input to a 4 to 1 MUX is {X,0,Y,1} having the select lines as  P and Q , the output obtained is Z = (not Q) + PQ. Find the value of Y.','a',''),(76,9,'D','There are two AND gates which are given the inputs as 0 and 1. The outputs of these gates is given as input to an adder which is then fed to an  	Inverter . Find the final output given out by inverter.','a',''),(77,9,'E','A hollow Sphere is charged to 12micro Coulomb of charge. If the potential at the surface of the Sphere is A*10^4.Find A.','a',''),(78,10,'A','A certain transformer has 400 turns in the primary winding and 2,000 turns in the secondary winding. The turns ratio is.','a',''),(79,10,'B','The field of a 6-pole d.c. generator each having 500 turns, are connected in series. When the field is excited , there is a magnetic flux of 0.02 Wb/pole . If the field current is opened in 0.02 second and the residual magnetisation is 0.002 Wb/pole , calculate the average voltage which is induced across the terminals in volts.','a',''),(80,10,'C','If a 3-input NOR gate has eight input possibilities, how many of those possibilities will result in a HIGH output?','a',''),(81,10,'D','If a 3-input OR gate has eight input possibilities, how many of those possibilities will result in a HIGH output?','a',''),(82,10,'E','How many input combinations would a truth table have for a six-input AND gate?','a',''),(83,11,'A','Find the Cost of running a 2KW Heater for 10 Hours at 50 paise/KWH in Rupees.','a',''),(84,11,'B','The Demand for lighting a small village is 50A at 200V.This is supplied from a dynamo at a distant station, the generated voltage being 220V.Find the number of KWH wasted in the loads in the same time.  ','a',''),(85,11,'C','Two heaters A and B are in parallel across supply voltage V. Heater A produces 500KCAL in 20 minutes and B produces 1000KCAL in 10 minutes. Resistance of A is 10 ohms while that of B is 2.5 ohms. Find the heat produced in 5 minutes in KCAL.','a',''),(86,11,'D','An Electric Kettle was marked 500W, 230-V and was found to take 15 minutes to bring 1kg of water at 15degrees C TO Boiling Point. Determine the Heat Efficiency of the Kettle in percentage. (Given specific heat of water =1, Boiling temp=100 degrees).','a',''),(87,11,'E','How many entries would a truth table for a four-input NAND gate have?','a',''),(88,12,'A','The per unit impedance of a transmission line on a 50 MVA, 132 kV base is 0.5. The per unit impedance on 100 MVA base will be .','a',''),(89,12,'B','2. The surge impedance of a 3-phase, 132 kV transmission is 750 Ω. The SIL is ____ MW. (rounded off to nearest integer).','a',''),(90,12,'C',' The magnitude of open circuit and short circuit impedance of a transmission line are 120 ohm and 30 ohm respectively. The characteristic impedance of line is ____ ohm.','a',''),(91,12,'D','A generating station has a maximum demand of 25 MW, load factor of 60 %, a plant capacity factor of 50 % and a plant use factor of 72 % the maximum energy that could be produced daily is  _____MWh/day.','a',''),(92,12,'E',' Find the steady state power limit of a system consisting of a generator of 0.5 per unit reactance connected to an infinite bus through a series of reactance of 1 pu. The terminal voltage of the generator held at 1.2 pu and the voltage of the infinite bus 1 pu.(rounded off to the nearest integer).','a','');
/*!40000 ALTER TABLE `electrific_quest` ENABLE KEYS */;
UNLOCK TABLES;

--
-- Table structure for table `electrific_users`
--

DROP TABLE IF EXISTS `electrific_users`;
/*!40101 SET @saved_cs_client     = @@character_set_client */;
/*!40101 SET character_set_client = utf8 */;
CREATE TABLE `electrific_users` (
  `username` varchar(100) NOT NULL,
  `question` int(3) NOT NULL,
  `subquestion` char(3) NOT NULL,
  `status` int(3) NOT NULL,
  `victory` varchar(45) DEFAULT '0',
  `time` int(13) DEFAULT '0',
  PRIMARY KEY (`username`)
) ENGINE=InnoDB DEFAULT CHARSET=latin1;
/*!40101 SET character_set_client = @saved_cs_client */;

--
-- Dumping data for table `electrific_users`
--

LOCK TABLES `electrific_users` WRITE;
/*!40000 ALTER TABLE `electrific_users` DISABLE KEYS */;
INSERT INTO `electrific_users` VALUES ('kj',1,'B',1,'0',1443981393);
/*!40000 ALTER TABLE `electrific_users` ENABLE KEYS */;
UNLOCK TABLES;

--
-- Table structure for table `oe_players_main`
--

DROP TABLE IF EXISTS `oe_players_main`;
/*!40101 SET @saved_cs_client     = @@character_set_client */;
/*!40101 SET character_set_client = utf8 */;
CREATE TABLE `oe_players_main` (
  `user_id` int(11) NOT NULL AUTO_INCREMENT,
  `user_name` varchar(200) NOT NULL,
  `user_registration_no` varchar(200) NOT NULL,
  `user_phone` varchar(200) NOT NULL,
  `user_email` varchar(200) NOT NULL,
  `user_college` varchar(200) NOT NULL,
  `user_username` varchar(200) NOT NULL,
  `user_password` varchar(200) NOT NULL,
  `user_token` varchar(32) NOT NULL DEFAULT '',
  PRIMARY KEY (`user_id`)
) ENGINE=MyISAM AUTO_INCREMENT=283 DEFAULT CHARSET=latin1;
/*!40101 SET character_set_client = @saved_cs_client */;

--
-- Dumping data for table `oe_players_main`
--

LOCK TABLES `oe_players_main` WRITE;
/*!40000 ALTER TABLE `oe_players_main` DISABLE KEYS */;
INSERT INTO `oe_players_main` VALUES (1,'Karan Jit Singh','140905372','9663602957','karan1866@gmail.com','mit','kj','a5824a55a54a6e97457efe0a3fbb34a7','f5111ea3f7ae5bda213f004aab653f56'),(19,'Ankur','130929116','7259669923','ank007ankur@gmail.com','MIT','Ankur','70e93259edf54a67868892c576b0cee6',''),(18,'Rashi Agarwal','140924326','09322558045','rashi.agarwal97@gmail.com','MIT','Rashi','5d929176d20d8ae665c41aeaeb947949',''),(17,'Kanishak Katahra','130921090','9916881967','kanishak14@gmail.com','MIT, Manipal','kanishak14','fb9ef71e1e9d9e6caae05e8538f9589c','ed248a7ec9878e5eaafb14bef7518011'),(16,'Varun Keri','130909090','7795147733','varun0195@gmail.com','MIT','VarunKeri','e018b8500c50ba03c938c41195db00bc',''),(15,'Akash','120907338','9740496828','akash.mihul@gmail.com','Manipal Institute of Technology','akash','fb9ef71e1e9d9e6caae05e8538f9589c',''),(14,'asdfasdf','56456456','45645647','bnsdfrj@gmail.com','asdfjhk','test1','912ec803b2ce49e4a541068d495ab570',''),(13,'asdfasdf','5647467','563476345','asdf@gmail.com','sdf','ghkjghk','912ec803b2ce49e4a541068d495ab570',''),(12,'zeko','130911017','9902959306','yash@iecsemanipal.com','MIT','zeko','9d0a697f5ac99d2abe7375a0abf06ea1',''),(20,'Anjon Bagrodia','140933044','9916759129','anjonbagrodia@gmail.com','MIT','anjon','e19d5cd5af0378da05f63f891c7467af','c055f4bd247684e17569fc1b005197fa'),(21,'Aseem Jain','150929064','9996029151','tomseemu@yahoo.co.in','MIT','Aseem.Jain','77e3a10e563bdbc193c2ef26becf2469',''),(22,'Mohit Kumar','130906306','9663587278','mohitkumar.mit@gmail.com','MIT Manipal','mohitkumar','bc180dbc583491c00f8a1cd134f7517b',''),(23,'shourya','140911412','9035157311','shourya996@gmail.com','mit manipal','shourya996','bbbc781fead65a252de885b208c47371',''),(24,'adrija majumder','140906628','9901339105','adrija.310796@gmail.com','MIT maniapl','firebolt','1ff61e91349d3f6623a81ccd3d881fa1',''),(25,'Sravan Prakash','130909524','7795144077','chsravanprakash@gmail.com','MIT','SravanPrakash','81dc9bdb52d04dc20036dbd8313ed055',''),(26,'Anmol Ramayanam','140907682','8095532333','anmolrls97@gmail.com','MIT manipal','anmol','af51e6a792d8147451b14f74fc63e2f9',''),(27,'Shubhendu Raj Acharya','130906054','7795121244','acharyashubhenduraj@gmail.com','MIT manipal','sra','bc180dbc583491c00f8a1cd134f7517b',''),(28,'Rohit Mondal','130911256','9008271305','2405rohit@gmail.com','MIT Manipal','2405rohit','5236decead69c557e04e8d79d54c327e',''),(29,'Ronak','120929116','9740468988','ronaksj@gmail.com','MIT','ronaksj','ae4981c5cb6276ebd1d09e54c728cb78',''),(30,'Shivam','140905532','9663594592','shivamnegi2019@gmail.com','MIT','negi','829e4e2782633d7f60e980377766d465','867c16ba40403267eacfada62da7fb9e'),(31,'Mahima Makhija','130905598','9481337104','mahima_makhija@yahoo.com','MIT , Manipal','Mahima','4693ad0d49521905c2d1708d283c6824',''),(32,'Snehil Srivastava','150906098','7829076606','snehilsrivastava16@gmail.com','Manipal Institute of Technology','snehilsrivastava16','db347d1b3a37b356b2c3fe330a83e24e',''),(33,'Kumar Shivam','140905598','9035885006','kumarshivam.shivam@gmail.com','mit','kshivam','e66d1812d48f0c69452b8d05fb7f84a1',''),(34,'Ankit Kumar','130906534','7406245655','romitsamaiyar@yahoo.com','MIT Manipal','ankitkr','bc180dbc583491c00f8a1cd134f7517b','513f5170c5bf44b6802c73e88a6b0586'),(35,'sdkjadakjl lshef','239120312','1032910329','akdshd@213.com','mit','test','098f6bcd4621d373cade4e832627b4f6',''),(36,'Anamika','130929232','7204276324','navyanamika@gmail.com','Mit','Anamika','b9968cd32f99880180fdea36f34cd4e6','b884ae6a7e1172259c87969d12310996'),(37,'saampras ganesan','130929004','7259647249','saamprasg@gmail.com','mit','saampras','72fa576ddfad041bb052e5838654dc54','b32effe45d28d9e32109cf04f1d39359'),(38,'Hardik','130905334','7795165556','hardik.tewari2508@gmail.com','Manipal Institute of Technology','hardik','40b9b064209e38857c18354b669ef284',''),(39,'Khushal','130929017','9980770506','ksbaztaka@live.com','MIT','tr@p','a926f10c3302591e888f0ce7df74eacb',''),(40,'Khushal','130929017','9980770506','khushalbr@yahoo.com','MIT','khushal','454c896a79a04f003c0636e41c846e79',''),(41,'lukhman Abdul samad khan','lukhman khan','8861040843','Lukhmaan92@gmail.com','mit manipal','Lukhmaan92@gmail.com','3354045a397621cd92406f1f98cde292',''),(42,'test','87797','98800880','y@g.com','mit','test0','f6f4061a1bddc1c04d8109b39f581270',''),(43,'ejhd','978','89','h@g.com','hh','mmm','c4efd5020cb49b9d3257ffa0fbccc0ae','0c35dd86d98260962b28f4a3c46e4628'),(44,'Bhargav','140911408','8123637692','bhargav.karanam@gmail.com','MIT','bhargav','81dc9bdb52d04dc20036dbd8313ed055',''),(45,'Vaishnavi Kale','130903020','7259625011','vaishnavikale17@gmail.com','MIT','Vaishnavi Kale','b7422bac6f85d65e83a8bacabf66f3b1',''),(46,'Shileen Upadhyay','1000000','7795122400','shileen@outlook.com','mit','Shileen','73d94ca09de7d23b853273b035cbc752',''),(47,'Bhargav','1409114081','9999999999','bhargav@gmail.com','MIT','qwerty','81dc9bdb52d04dc20036dbd8313ed055','3ea51b7987329a0d076d3496a81df30f'),(48,'Sheel','130929001','9916868036','jgntkjcgnejln@gmail.com','MIT','sheel','6eea9b7ef19179a06954edd0f6c05ceb',''),(49,'xzcZXC','12341234','21341234','asfdasf@gmail.com','adfasdf','test2','912ec803b2ce49e4a541068d495ab570',''),(50,'asdfasdf','21341234','12341234','asdfasd@gmail.com','asdfasf','test3','912ec803b2ce49e4a541068d495ab570',''),(51,'websis','1111111111','1111111111','websis@gmail.com','MIT','websis','fb5be496b0b960f3eee21dbdd24f9169',''),(52,'asdf','123123','234234','sadfasdf@gasd.com','asdfa','test4','912ec803b2ce49e4a541068d495ab570','fff5f361ade2928f6720d8b3f3ba976e'),(53,'asdf','234','234','asdf@gmail.com','asdfasdf','test5','912ec803b2ce49e4a541068d495ab570',''),(54,'asdfasdf','234234','234234','asdf@sdfasdf.com','asdfdsf','test6','912ec803b2ce49e4a541068d495ab570',''),(55,'asdfasdf','234234','234234','asdfasd@gmail.com','asdfaf','test7','912ec803b2ce49e4a541068d495ab570',''),(56,'asdfasdf','4234234','234234','karasdfr@asdgsd.com','asdfas','test8','912ec803b2ce49e4a541068d495ab570',''),(57,'asdfasdf','234234','234234','asdf@gmai.com','sadfsd','test9','912ec803b2ce49e4a541068d495ab570',''),(58,'Adithya','140906528','9591392346','adhi1997@gmail.com','Manipal Institute of Technology','adhi1997','6b2bea19d41ac974745d8e5e318b31e3',''),(59,'ABC','12090000','9740000000','abc@xyz.com','mani','12345','827ccb0eea8a706c4c34a16891f84e7b',''),(60,'Jayesh Raj','120908038','974047975','jayeshraj.12@gmail.com','MIT Manipal','jrasanya','7021325e3cc31ff9eed868c5e128dfa6',''),(61,'Jayesh Raj','120908030','974047975','jayeshraj.182@gmail.com','MIT Manipal','jrasanya0','05482a32803cf440b6e9b6569f807580',''),(62,'Utkarsh Tripathy','140905115','8095938333','utkarshtripathy95@gmail.com','MIT','ut','4ab358cc0e1054d379d4fcbb65947406',''),(63,'Utkarsh','140905115','8095938333','utkarshtripathy95@gmail.com','MIT','utkarsh','4ab358cc0e1054d379d4fcbb65947406','950c174f7d1a4fddd59e0645f11bd9fe'),(64,'Amartya Sengupta','130909298','9980276831','amartya_sengupta@outlook.com','M.I.T','amartya','6bb8b696c63a0699a69f4e30a7890772',''),(65,'asdfasdf','234','44','a@a.a','asdf','test10','912ec803b2ce49e4a541068d495ab570',''),(66,'Ganesh S','Wall street, battle of branches, electromania','9789975994','ganso45@gmail.com','NIT , trichy','ganesh','6792b691923dcd21724845158955b27d',''),(67,'Aditya Upadhyay','140907400','9663598635','aditya.au79@gmail.com','MIT Manipal','Aditya','84db25fba66b2ac1097fa226c57b8842','f777ce7ec099d51eaa73196ed287c86e'),(68,'Shreya Pathak','120907622','9886445271','shreyapathak.mailme@gmail.com','MIT Manipal','ShreyaPathak','c48145a487c43ec3e88f6faee52c8873','ae0d6581ec85f4e4eb1cef47c0251804'),(95,'VAIBHAV BAJPAI','140907352','7022252209','billionnaire.vaibhav@gmail.com','MIT','techie','6dd944e9194630986eb83ff9ab00326f','9f5b76a02fa0781c263b893db55bf15a'),(69,'Adithya Baliga B','TECH TAC GO!','9739337243','adithya_baliga@yahoo.in','Canara engineering college','adi_baliga','03c24cf0bc705239628679e218a1c56c',''),(70,'Shawn Ivan Dsouza','8002405/150907039','9663441622','sdsouza11@gmail.com','MIT','SID31','03dfe1766ff5b5c4c6b678ed3490febe',''),(71,'Rishabh Drolia','140911316','9036828907','drolia.rishabh94@gmail.com','Manipal Institute Of Technology','drolia_rish','ecccdf9479e08ac609f87a261f54c464',''),(72,'Mayank Aggarwal','140905222','7022252200','coolmayank1120@gmail.com','MIT Manipal','mayank_aggarwal28','8bc3f19c37636b225f6eaa64c6bf1a46','97d3864a871a1bd94d4fefc638b5511d'),(73,'Kshitij Verma','130909044','7259640771','kverma251995@gmail.com','Manipal Institute of Technology','kv251995','1117b637466352c5782564a41c1b7acc','284eeb6a132a8871e04ee422288a233f'),(82,'test','124089066','9789853647','test@gmail.com','NIT','test123','cc03e747a6afbbcbf8be7668acfebee5',''),(74,'prithviraj','120909412','9538574898','prithviraj44429@gmail.com','MIT','120909412','a2ac56c95dbe78fd6b78cc0007afa371','57dd6197df8f2b1df2fcd180c047f3c1'),(75,'ankur gohit','150905250','8179303401','ankurgohit27@gmail.com','MIT','ankurgohit','56b702bd25fa6e98494d299abdcc65e8','7651fe0a1f6fe857b645956d83729127'),(76,'anindya sengupta','120909564','8867638111','anindyasenguptaeng@gmail.com','mit','anindyada1','d4e1db1846e456553d3d9236cb59e90a',''),(77,'SIMONE AMELIA NEIL PIMENTO','140929026','8147188984','simonepimento@gmail.com','MANIPAL INSTITUTE OF TECHNOLOGY,MANIPAL','sim','5f8d79e064c4269f12805bec378ab613','e09d2bea2ab019cb6792d49e777fa85e'),(78,'Sriram','140908066','9742570797','polisetty81@gmail.com','MIT','Sriram97','b85a20d1edf39f50a02bcaddbfc114bc',''),(79,'Vardhan mamidi','140906698','9035591150','saisreevardhanmamidi@gmail.com','MIT','Vardhan96','236b82b7e4ce83c0cc975b65bf6181a0',''),(80,'Subramanyam','140909194','9591368917','ravva.subramanyam@gmail.com','MIT','Subbu96','d70db29c8228d01cede74217da03aa25',''),(110,'Rajneesh Das','130907662','9663577192','roneeldas07@gmail.com','Manipal Institute of Technology','roneeldas07','00dfea69bcead40aa79f5810bf824376','37011b53ef1dc369794912c36c6f6c1a'),(81,'Aabel Alexander','140933220','8082557587','aabelranker09@gmail.com','Manipal Institute Of Technology','aviator_alexander','1de4a8921fb5f4a3cecbe52b24ac9b99',''),(83,'Saksham','140953016','8861188776','garg.saksham@yahoo.com','MIT,Manipal','Saksham','77c60fbd2831200de69ca337806aaeac','61360d3b9f1b816e8dac28e32fb9fc75'),(84,'omkar dashetwar','140929033','9964356008','omidashetwar@gmail.com','MIT','omi','d5b42e93cd66a2b813cb644cd82fca79',''),(85,'vedang kokil','2139893','9158898077','vedangcool@gmail.com','MIT manipal','vedangkokil','f5fec3d19345d45b40d278988f5d3be0','53386439a8b0ed3eb151a6fe3fdb1faa'),(86,'Akshay','130907136','7795165588','akshaydp1995@gmail.com','MIT','akshaydp1995','9e6c19a40c8e6535c09abf6a4e886ff1','3fdb59e26e6d3f8bc92e04d31ea5b7fb'),(87,'Abhishek Sarin','140933112','9663698855','abhishek.sarin1302@gmail.com','MIT Manipal','abhisheksarin','f589a6959f3e04037eb2b3eb0ff726ac','b83249f0b2e1ca34e3203846e737b51d'),(88,'RAJ VENKATESH','130921556','9916880589','rajvenkatesh18@gmail.com','MIT','venke','40637f729b09332a46427b6963aeb491','a729f9515018c4021c9b7a9ab6a29e46'),(89,'Swapnil Suman','140909352','9036438009','swapnilsmn@gmail.com','MIT,Manipal','swappybird','749e4d59db3ad40d8f43a77fcd3785ee',''),(90,'kripanshi jindal','130905572','7795168444','kripanshi.jindal07@gmail.com','MIT MANNIPAL','kripanshi','b7ba6810abd691418d31025192b97730','ecf6e73b6c2bf0d6e985d7f7f7cfb487'),(91,'Nimit Sinha','120905172','9632055004','nimitz29@gmail.com','MIT, Manipal','nimitz','021fa240a024ef7b00be15c7056260d2','8ef2fbafe4542c547c5da4ed703bcd15'),(92,'Srivatsava','140905292','9591311992','srivatsavagummalla@gmail.com','MIT','Srivatsava','b81f5592ef4a555d1ca99bbc9162de22','b1416b73aa27f4c357ba726390456ce1'),(93,'Aabel Alexander','140933220','8082557587','aabel.alexander@gmail.com','Manipal Institute Of Technology','alexander.aabel','1de4a8921fb5f4a3cecbe52b24ac9b99',''),(94,'Ritwik Kaushik','150934088','9572132811','ritwikxxii97@gmail.com','Manipal Institute of Technology','ritwik','4f408f63e3aa846b9a883a478b5ea03f',''),(96,'Shivam','150906350','8527429720','shivam.ojha11@gmail.com','Manipal Institute of Technology','shivam.ojha','dcbb897580e8818ea8d4add785ec9a3f',''),(97,'Vaibhav Sharma','130905358','7795145222','vs.1450@gmail.com','MIT Manipal','magneks','d8aeabaa6724ef9e89b631b0b2a90a1e','a45154480faa80a630c1ba29b92bb240'),(116,'Dhruv Suri','150933022','9654654802','dhruv.suri17@gmail.com','MIT','dhruv.suri17','0785c238fb51ac6094e56e2e54da3b00',''),(98,'Nihal Shetty','120929138','8880355620','shettynihal9980@gmail.com','MIT','shettynihal123','57b8a08123a42749106b030de3dc372e','116deb5bd5bbfa276f3c7a447a13e1c2'),(99,'Anish Garodia','130907370','9916534100','anishgarodia95@gmail.com','MIT,Manipal','anishgarodia','522890f7432f37f434da07f6e6159907','73ae3a427bb6d36631869c993d28a748'),(100,'Nimish','130911382','7795122828','n.singha26@gmail.com','MIT','ASP1234','9e3f53e8f1bc16bfb1ab5412efbf1c6c','41c4ce89ab76e71871efc3e7bf04ef84'),(101,'Aditya Nagla','140929298','8095425222','aditya.nagla.9@gmail.com','MIT','aditya.nagla','51ffd8600e0d8c9c93c526ceb6fad062',''),(102,'Sagi Aditya Raju','140907640','9663593376','rajuaditya2@gmail.com','MIT','rajuaditya2','abcfac3d21aa8ba4e31b8f7972d73ae9',''),(103,'Aditya Nagla','140929298','8095425222','adityanagla1996@live.com','MIT','adityanagla96','23d5a8f1b85276335a21d725f5a1bd4b',''),(104,'Aditya Kumar Gupta','What?','729464225','holaditya@gmail.com','MIT','holaditya','0cb612ef1445af0e40056f5395282079','1eb5323f64352fa76e4429a94c1e73b8'),(105,'Avi Jain','150907200','8527440374','jainavi0401@gmail.com','Manipal institute of technology','Avi Jain','8e3a3ea5365614f050419125e1e191bb',''),(106,'Abhilash Dhulia','2056691','9538512002','dhuliaabhilash8@gmail.com','MIT Manipal','abhid95','726264f3487200fc4a50d834a7bae713',''),(107,'Aryan Srivastava','2034049','9810803656','aryan-srivastava@hotmail.com','MIT','aryan srivastava','0f4e4e5f40beee6af32dd7ac121af108',''),(108,'ANAM MOHAN KRISHNA','150909026','9591948250','mohankrishnaanam53@gmail.com','MANIPAL INSTITUTE OF TECHNOLOGY','mohankrishnaanam53@gmail.com','07cbe7fe8609e42d7f1713854436aa39',''),(109,'Boga Vishal','140907056','9663604345','bogavishal7@gmail.com','MIT, Manipal','bogav7','58880fa454df71c894dcd5a48d84a65c','68e9e44f7969b9db0cae8c9402c8326d'),(125,'Musaab','130929007','9731745744','livelife95@hotmail.com','MIT','Musaab','00dfea69bcead40aa79f5810bf824376',''),(111,'Tanuj Mehlotra','130906524','7259626117','tanuj_m17@yahoo.in','MIT,Manipal','tanuj','b075f8657c535dca139deec19b645141',''),(112,'aakriti','150907384','9893709998','pandey.aakriti1@gmail.com','MIT','aakriti','9603d0329267f2eb7af779aae47d61d7',''),(113,'Prateek','140929272','9036484210','prateekdav@gmail.com','MIT','prateek','9059e2dc0e5d421dcb5e10b8ad86b000','055bb638202a43d1d071425a0969a285'),(114,'Kushal Agarwal','2196850','8420134750','kushal.agarwal999@gmail.com','Manipal Institute of Technology','kushal_agarwal','a43c4563078fd2eb8954b3bb5b412001',''),(115,'Abhishek Srivastava','150929014','8960896552','abhishrivastava04@gmail.com','Manipal Institute of Technology, manipal','abhishrivastava04','1eb078890b95495427117d36a9434c0d','a9944cf332e5063687782601afdd80ef'),(117,'Ajey N Jagannathan','140929160','9900085538','aj96jagan@gmail.com','MIT manipal','Aj96jagan','3cdc1416e4e62591340c857ce619a0d1','e8519ada7d38d95255a5fda5054405bf'),(118,'Malvika Mohan','130905540','9663610481','malvikamohan95@gmail.com','MIT Manipal','malvika_mohan','0a9c56a855ba61e95c9dcfcb8e6504fc',''),(119,'Malvika Mohan','130905540','9663610481','malvikaposh@yahoo.co.in','MIT Manipal','malvika_m','0a9c56a855ba61e95c9dcfcb8e6504fc',''),(120,'Suvrat Jain','130908212','8095728112','suvrat08@gmail.com','MIT','suvrat08','010fa097602ea6abcd1ea8d006564914','b7cf8a51444d0bc6b68e61b0463ca453'),(121,'Bharath','150909382','9591847017','bharath1998.br@gmail.com','MIT','tanmai','6041d0363da08612bcb0f536e00dba50',''),(122,'Ankit Pratik Behera','140929296','7022251829','ankitpratikbehera@gmail.com','MIT','Ankit Behera','9134b3a3793137f8523000829b0633ab',''),(123,'prasad kokil','2139893','9158898077','vedangcool@gmail.com','mit manipal','prasadkokil','9ce8927e73193fae0746a9c68410f1b2',''),(124,'Mohan','2064044','9901645692','Mohankaushik97@gmail.com','Manipal','Mohankaushik97','b6ca9f69366eed186bb81fa60989f0de','c0c666ea27d9d09e373e4eac9b3a4d26'),(126,'Karl Vacili Breitkopf','130929016','9916871049','karlbreit@gmail.com','Manipal Institute of Technology','karlbreit','91112b17760306112461dcb1f512a2cb','36fa98df67a4d61f5880baa7103934f6'),(127,'Manoj','140908021','9092622644','ramsaimanoj22@gmail.com','MIT','Manoj97','bd1f1b7e84eb92e5e06dbd3e5b4813eb',''),(162,'Akash Pandey','140933178','9964335662','akash.pandey57@yahoo.com','MIT','akash96','3d92347c6af2a6dd616f6fc30ce0a967',''),(128,'kavesh','140909658','9901327943','kaveshpandit03@gmail.com','manipal instittute of technology','kavesh','2db81e59f3fc0435324b5f5c8bab3941','c48a3b7e6d83db066a45d35bbf3bf2db'),(129,'bharath krishna','130903012','7795174777','bkksaab@gmail.com','MIT','bkksaab','7616b81196ee6fe328497da3f1d9912d','09844d16438c8b649b80445390c863d7'),(130,'Ayushman Choudhuri','140909168','9482343658','ayushc205@gmail.com','MIT manipal','ayushman','137999cf17c215dd912e27f849f52e83','27be470e67327f947cb371210d6b3494'),(131,'Shivangi Misra','140907074','7760961010','shivangimisra1@gmail.com','MIT','shivangi','1f5b7f08384921d6a5ff172780875082',''),(132,'Abhinav Bhargava','140929254','9901305857','bhargava.abhinav96@gmail.com','Manipal Institute of Technology','abhinav_bhargava96','7e832ded80c078d0f2c5248f6665bc05',''),(133,'Priyankar Kumar','150905105','7795957965','priyankar.kumar98@gmail.com','Manipal Institute of technology','pk97','6a45119c1bacbade3264faf0fe59e570',''),(134,'Yash Malkan','150911168','9930658555','studentyashmalkan@gmail.com','MIT','Yt_Yash','b023fd6478c7884827206f38b2fcca00',''),(135,'Sachin Ashtekar','141610150','9964907821','sachinashtekar@outlook.com','ICAS','sachinashtekar','ec55196f25003942ba11f75bf55c82f2',''),(136,'Shashank','140903206','9901305857','bhargava.abhinav96@gmail.com','MIT','shashank96','33879663bcc8666d68df105b2d049719',''),(137,'Arjun','150806487','9848022338','arjunmama@gmail.com','NIT','arjunmama','97630ac81d80a29f4273916663c79bec',''),(138,'Anoushka U','150906258','9964288052','anoushka.u3012@gmail.com','MIT Manipal','anoushka3012','4a96a34f77d7d5c8449c84c6c22c9cf3',''),(139,'Anchit Bhatia','140953286','9886210111','anchit_bhatia96@yahoo.in','MIT','anchitbhatia','5f1fb761a8d0114005ae61de59f813c8','2973afc9ae7e9e176f8e1e98d60a2af2'),(140,'Smitha Acharya N','150906240','9591310270','smitha.acharyan@gmail.com','Manipal Institute of Technology, Manipal','Smitha Acharya N','6b1bb9766eb47caacfa182cfb53ed966',''),(143,'Sricharan','140921084','9663607045','sricharan231@gmail.com','MIT','RAIDEN BOLT','a91cf8ba6253a407d958b66ebdf3afda',''),(141,'Smitha','1017115','9591310270','smithamitmanipal@gmail.com','MIT,manipal','smitha','78f04bf86e4a57d405eed45aaaa45270',''),(142,'Abhinav','140929254','9901305857','bhargava.abhinav96@gmail.com','MIT','abhinav96','36a9bded31b81b4bca22d4fb533a3737',''),(144,'Sricharan','140953408','9663607045','shanereaper56@gmail.com','MIT','sricharan','fc5e038d38a57032085441e7fe7010b0','196e2a30f1950f56803fbe828d7cf4ba'),(145,'Prateek Mohapatra','150907122','9871625524','prateekmptra619@gmail.com','MIT,Manipal','Prateek_619','83437d8e0a9230e6698723e4bb91e1eb',''),(146,'Puneet Sharma','120929242','9886821107','psppuneetsharma@gmail.com','MIT','Puneet','3354bc123e420ccd341842be1e8e8241','8f5406a1991c693a3cd56dff009dfdd8'),(147,'Ankit Garg','150907098','7738987973','ankitgarg193@gmail.com','MIT','ankitgarg777','03c197f413df4e55c56aa7295ea08706',''),(148,'Haule','150906473','9873465738','haule@gmail.com','NIT','Sheman','5cf958c856d63fd41210dfb9a6885a54',''),(149,'Prateek','150907122','9871625524','prateekmptra619@gmail.com','MIT','Prateek_916','824a67f29e97b8798a9df7f00189f3e1',''),(150,'subhansu singhania','130905246','7259646570','subhansu848@gmail.com','Manipal Institute Of technology','subhansu','983f7af84bb7bd233eae4c45f3b518e5','607631bded6d7c0e41395f16668e846a'),(151,'NAMAN JAIN','140929080','9036324522','namanjain0449@gmail.com','MIT manipal','namanj','dce75f7e6b0254c44c320c68ca3471a8',''),(152,'Sricharan','140907024','9663607045','iecsescectionb1518@gmail.com','MIT','RAIDEN','fc5e038d38a57032085441e7fe7010b0','2e88c499d5ba1482677830289d2e703a'),(153,'Srivatsava','140905292','9591311992','srivatsavagummalla@yahoo.co.in','MIT','vatsy','b81f5592ef4a555d1ca99bbc9162de22',''),(154,'AAKASH GARG','140933264','9591343820','aakash5376@gmail.com','MIT manipal','aakash96','664feae9d0b0363ad56b4815acc4d380',''),(155,'Aman Sheikh','150909101','9769656982','astl5000@gmail.com','MIT','amansheikh','8ddf56ca0e4ed44e865819a0bfdab90c',''),(156,'Yash Malkan','150911168','9930658555','igcse2012yash@gmail.com','MIT','yashmalkan','519c45615b4f52a5d1032b62e5c14c08','2c91e3e6ed9db58369946c64beb09e3e'),(157,'Archit Malpani','140909578','9591355839','archit1996@yahoo.com','MIT Manipal','archit.malpani','e10adc3949ba59abbe56e057f20f883e',''),(158,'Sohil Sharma','140907466','9164841410','sohilsharma@hotmail.com','MIT Manipal','sohil','6e2f05b661220fd18c7b6333c229c20c','7e189967b76199831ffb27b9e60e659e'),(159,'Dhaval Dosh','120907286','8880394847','dhavaldoshi_15@yahoo.co.in','MIT','DhavalD','c482a4c7b04001d8fb2aa1b04c9852b9','1b8c09fcf371f0056161db106d19da7b'),(160,'Vivek','140909001','9872999272','Yoloswag7@gmail.com','MIT','Qwerty123','25d55ad283aa400af464c76d713c07ad','68dfb4f830984fd17c6819669c67cfef'),(161,'Aditya Anand','141610141','8792770777','aditya.avion@gmail.com','ICAS','avionad','a4cee18ae8e4f04c62c1207e24026e2e','339ef8d11bba1f97026727ef6e08b54b'),(163,'Riju','140911088','9620561218','19.riju@gmail.com','MIT','Riju','d8578edf8458ce06fbc5bb76a58c5ca4',''),(164,'Siddhanth Pradhan','150903050','9820279056','Sid3005@gmail.com','Manipal Institute of Technology','Sid3005','b94b5918046f8e8b417ed13540f5d4b1','34674e6b43b155ca944b1ebcadc747b7'),(165,'Jaishree M','140905350','9740228942','jaishree.babu96@gmail.com','MIT Manipal','jaishree','36229e69f5c4e18debe83d26ecb5a52b',''),(166,'Kiran Kumar Naik','130955062','7795171616','naikkiran19@hotmail.com','MIT','luv2kiran123','5caea697258aa978bd83a6b4d49f6594',''),(167,'Abhilash Agrawal','140904256','9036418009','agrawalabhilash@outlook.com','MIT','abhilash09','4a7d1ed414474e4033ac29ccb8653d9b',''),(168,'AYUSH AGRAWAL','150905380','9784757306','ayush97agrawal@gmail.com','Manipal Institute of Technology','ayush1810','a0cbc7dff15b55276de9be8cc956a259','4858c58565e23b958a2dad10070d457f'),(169,'Prince Singh','140904262','9591344633','ps002702@gmail.com','MIT','ps00','4a7d1ed414474e4033ac29ccb8653d9b','8bf3258a2eee5003a41084cd54553e1a'),(170,'Anshuman','130909578','7795169222','anshuman123lol@gmail.com','MIT, Manipal','doctorindtardis','c62ff0174b7abb876b309e8a0ed65e69','8eeb9f8440bd4a97cfb6e4ebe42e5ff4'),(171,'Jaishree','140905350','9740228942','jaishree.b96@gmail.com','MIT Manipal','jaish','36229e69f5c4e18debe83d26ecb5a52b',''),(172,'Vikram','asdasdf','123412341234','a@a.com','sdfsdfs','vjsingh','81dc9bdb52d04dc20036dbd8313ed055','746ca4808b83c1d79ccea43a7570934d'),(173,'Aakar Jain','130905334','8115882333','aakarjain95@gmail.com','manipal institute of technology','aakar','52a1c95fd889c4a3b00f33472a845157',''),(174,'Arvind Sasikumar','140953208','9916756127','arvindsasikumar921@gmail.com','MIT Manipal','Vlaer','04ff3dff3f9338253c62514252c3ce93','e6dcefa19cd3be0c500408cda561b10f'),(175,'dgsssds','sgsfgdfg','9955554555','efsf@sdfsdf.com','sdfsdfsdf','asdfg','040b7cf4a55014e185813e0644502ea9','60860ba408fb72d5df5510a89b11e6d0'),(176,'Jhignas','140905302','9591307972','jhignasbhogadi@gmail.com','MIT','Jhignas','debc9fd942751acf7f04291668935c49','842ee7d1367cd2ce37bc669494c14b53'),(177,'Sajal Khandelwal','140921156','8123646392','sajaliffco@gmail.com','MIT','Sajal','16114d7e3cb7aa580dbc237835b90b36',''),(178,'Ritabh Raj','149109488','8769288707','ritabhpandey@gmail.com','Manipal University Jaipur','ritabhrocks','ff41c8818e32d8adf3f5ffbbad17790b','505d382a0d165b8b5ed0dffda733555f'),(179,'Nithin Reddy','140909294','9980054987','nithin19061997@gmail.com','MIT','nithin1997','060a1c95878ce2b990cd9cf75b4d837b','3c15782e1303188ef6bca671c2f9b3f3'),(180,'Sahil','130929242','7406312377','pradhan.sahil786@gmail.com','MIT','pradhan.sahil','03db4d4bd1b809166e1d3bb236db4de9',''),(181,'Ravi teja','140905528','9591368404','ravitejajammulapati@gmail.com','MIT','raviteja','71af144f84866a090c51c8971aead902','26a43a08cc06b432fd71a5ce7ed0da9c'),(182,'Kritik Mathur','140905586','9591312083','krt.mat@gmail.com','Manipal Institute of Technology','kritikm','0f8d67cdf92d2d8fdc9974bbe5319048','55ceaa9634eae710083c2cf36a5bc314'),(183,'Aditya Sri Prasad','140907676','7760509911','aadityasp@gmail.com','MIT','aadityasp','8b019af0a1de935cc5e76d804967d51a','26992ae70cc07a9f639a545bb5a682f4'),(184,'Vilin Hegde','140909428','8095342217','Vilinh74@Gmail.com','MIT manipal','vilin','3a15bf44abf6536024c63c6a1a6670fa','18fb91c8c157e40e1c77fa41fb122ff0'),(185,'Harshita Singh','140905170','9591353047','harshitasingh47@gmail.com','MIT','Harshita4','a3709dcfc5c5647002a7e182c887e4c5',''),(186,'Christon Dsouza','123456789','08861888631','christon.dsouza@gmail.com','SJCE','chris995','9e82aa3061f6707c9720daeb9983af19','37176d3040692f8fadeda7122e85459c'),(187,'Abhishek Vashisht','150905382','7760917157','abhishekvashisht007@gmail.com','manipal institute of technology','abhishekvashisht','5f4dcc3b5aa765d61d8327deb882cf99','44758d539e2a0228ed0a3f0e4d68c719'),(188,'Archit Gupta','140911438','9663597794','architgupta1710@gmail.com','MIT','architgupta1710@gmail.com','82b49dd0ff1b438b21fe9f0549d0d7fe',''),(189,'Ketan Kumar Todi','150905240','9437040677','todiketan@hotmail.com','MIT','todiketan','a0191234a4f392b3774dae07e22fd1cb','272cb87cc51f4caabbf9b380ec7a4c50'),(190,'Abhinandan Ambastha','140903021',' 919916398021','aambastha95@gmail.com','MIT','aambastha','b714801b96f39a72bb28e8e70946c3a3','36fa8c03f366432b59203f9e9e027d59'),(191,'Harshith V','140907016','9483220079','harshithv7016@gmail.com','MANIPAL INSTITUTE of technology','Harshi7016','f988346697ecc3aea99ef728ef0f8f68','1c8ef98d5c11c25216c569389728f0a5'),(192,'Nikhil Joseph Jose','140909038','9972415701','nikhiljj@hotmail.com','Manipal Institute of Technology, Manipal','nikhil.jj','6dae70ec8060d855d5876097740a2223',''),(193,'Rohan Gulati','140905458','9901343472','rohangulati@gmail.com','MIT','rohan_gulati','529fce87942b8457f7408400f1bb1a2b','d73400fa76f0fb64bb0bb0f44505aca5'),(194,'Rohan Gulati','140905458','9901343472','garryshimla36@gmail.com','MIT','rohan.gulati','c833473315b98433525a1aa401d7a258',''),(195,'yashvardhan','130909326','7795180011','bhati.yashvardhan@gmail.com','mit','yash54','00dfea69bcead40aa79f5810bf824376',''),(196,'Sandeep','150905212','9553278910','sandeep.pulavarthi17@gmail.com','MIT','sandeep.pulavarthi17@gmail.com','0f9fa0d36bd196e115180fd9a07550b9',''),(197,'Hamsa Bharathi','150911052','8792858393','hamsabharathi.s@gmail.com','MIT,Manipal','Hamsa','c7bd33987a7db78b0a49281e580a214b',''),(198,'Shreyas Susmeet Mohanty','150909374','7760876442','ssm0304@gmail.com','MIT','ssm0304','bc401e5ce23c189666c60e6d29f3a07c',''),(199,'Ravi Shankar','140907158','9848618561','ravisha2396@gmail.com','MIT','ravisha2396@gmail.com','d802875ffd80d2a40ad53f139fb44e22',''),(200,'Kishan','130904542','7795133535','kishan.saraf15260@gmail.com','Mit','kishan','b1634c02812896b87fff3d56f89e36af','54f0e561c87f73d4c0236f7efd629179'),(201,'Pranay Sameer','140905090','8152912289','pranaysameer.ps@gmail.com','Manipal institute of technology','Pranay','541c5f37a0c4ff4e08406c589c22edc4','2dee1e258efbc71397c553ac8f4f8cbc'),(202,'Himanshu Srivastava','150953204','9892666271','shrivastav.himanshu5@gmail.com','MIT','shrivastav.himanshu5','b7ac0222a5a9806666cf374c9feb9c1b',''),(203,'manu','137097676','7795677497','shomanu@gmail.com','mit','manuda','827ccb0eea8a706c4c34a16891f84e7b','54a3f8c5228f78681f4b53ec7989c3b5'),(204,'utkarsh arohi','150929122','9504061112','utkarsharohi@gmail.com','mit manipal','utkarsharohi','70d25ec0756ffa720f4c7435c66156af',''),(205,'PREENAL DSOUZA','130909406','8050231986','preenald@gmail.com','MIT, Manipal','preenald','46ec9ffaac181650b21fa2b6c3fad1eb',''),(206,'rahul singh','150929122','7061034546','singh.rs999@gmail.com','BIT SINDRI DHANBAD JHARKHAND','singh.rahul','4c6c82cef4d03d7d52fa031214be0164',''),(207,'nigga','130738477','9463728275','nigga@gmail.com','NIT','nigga','ab94450dd5db55338ab318291b9b3cf6',''),(208,'Sai kalyan','150904184','9908410766','Saikalyan384@gmail.com','Manipal institute of technology','Saikalyan384','f8958c78a044236c5cefcc98b06c81ea','6ba7c2161d7c299bde4271642fd81ba6'),(209,'Manjunath Argekar','150907110','9481880622','ma2.manjunath@gmail.com','MIT MANIPAL','Darkssj','a8d86fce352d918ba23c476646cb3e22','714a59cd7fd08e93a91dd878727f3cf4'),(210,'Datta Sai','140909162','9490923463','g.d.dattasai45@gmail.com','MIT','DattaSai','1a36fb8c3c62537919fa93fdc67c7f79',''),(211,'Noel G Daniel','140909085','9591360966','noelrocks10@gmail.com','Manipal Instittue Of Technology','noelrocks10','40d9888b6211645f652de84e7bc29d89',''),(212,'rahul singh','15400020','8409173221','singh.rs999@gmail.com','BIT SINDRI DHANBAD','rahulsh','4c6c82cef4d03d7d52fa031214be0164',''),(213,'Rohan singh','15400020','8409173221','singhrohanrs8@gmail.com','BIT SINDRI DHANBAD','rohansinngh','4c6c82cef4d03d7d52fa031214be0164','ac990d96501ff84ce19ad338ca8d24bf'),(214,'Yogesh','150905210','8792165616','yogesh9535@gmail.com','MIT, manipal','yogesh9535','3d52a9f7f1092a497da7384b80acde5c','5d238c7210578e027abb57bdc710d59a'),(215,'Sanjeev Kumar','130904158','9980976706','sanjeevsst5722@gmail.com','Mit, Manipal','sanzi','5f4dcc3b5aa765d61d8327deb882cf99',''),(216,'Tanay Bajargan','140921228','9916563666','tanay00007@gmail.com','MIT manipal','Tanay_007','19231d0482b80e0036e7f231601ddad9',''),(217,'Sankar Nath','140911194','9901359069','zanky9@gmail.com','MIT','zanky9','8e5141e23f62f125b756336faef4f3d1','084ead4462cb3423728e9d1ed9af46bc'),(218,'Heerak','140904620','9916563555','kingluke007@gmail.com','Mit','heerak','25d55ad283aa400af464c76d713c07ad','a4c9fe8fa828e1bb53c0dacc61c24ae1'),(219,'V Jashwanth Rao','140929338','9663604493','jashwanthrao@ymail.com','MIT','jashwanth','238e8b0618d156e6570207278465dffd','7bb6f5af89da4bd9d6840afb203a365e'),(220,'Bapi','140911368','9441881860','saisantosh.408@gmail.com','Manipal Institute of Technology','Bapi97','874a9f457cc6743acc69b2a0cea62542','5f542d168fb15943f6acb1594f6fd135'),(221,'Akshay Agarwal','150905066','8285457388','akshay4241@gmail.com','MIT','akshay4241','5b98971e439517b0ff542dbe66457d7d','58c56751108e65e75b116b6f02a6e2af'),(222,'Dhruv Murarka','140911035','9831326263','dhruvmurarka@yahoo.co.in','MIT Manipal','DhruvM7','0f2591e3abe062789d2c6e00e26fe6b4','13517b85f44f78a927d874dd00c8158d'),(223,'Avijnath G','140908244','9591362613','avijnathg@gmail.com','MIT','avijnath','93bd4cfe0ae6fe2cb1e2d39d503e5c35','a749837e8eb00cd515ca8d3b9de0fbac'),(224,'Sandeep','150905212','8500887135','sandeep.pulavarthi17@gmail.com','MIT','sandeep.pulavarthi17','ee49d65319f42e5e594c24832d81961b',''),(225,'Tushar Verma','140907568','7411826648','t96verma@gmail.com','MIT','t96verma','9900b0a49d198593c13e8340bcc9fd1d','c7635ee4d6b1dc583e9525c09215cd94'),(226,'Sagar Goyal','150905082','7204522133','shgoyal33@gmail.com','MIT,Manipal','shgoyal33','827ccb0eea8a706c4c34a16891f84e7b','dad58303ffdf24ed7ae9191001d2f7c8'),(227,'Ankit Gohel','151610112','9108768420','ankitgohel1996@gmail.com','ICAS','ankitgohel1996','62b237ab431d262f8f85a3760c18658a',''),(228,'Namratha Reddy','140905336','8179051739','namrathag26@gmail.com','MIT','Namratha','2d841879342d2b31b3b569165f2c8bd7',''),(229,'Nishant Shaw','140955252','8095541444','nishant.shaw95@gmail.com','MIT','Nish2395','a04d4ceb25dd0598777d3fbfb9fc2e9b',''),(230,'Manal Ahmed','140907454',' 919480739934','ahmedmanal04@gmail.com','MIT','ahmedmanal04@gmail.com','72eff3ec5fada4596af213c2b9cae030',''),(231,'Manal Ahmed','140907454','9480739934','ahmedmanal04@hotmail.com','MIT','manal25','a7c60e33537541b3f016ea4330aec2df','864d1afed9a8ec1d2d54cb94b6a9bb74'),(232,'Anushrut Rastogi','140907388','9035375231','coolanushrut@gmail.com','MIT','kutkut19','a424ed4bd3a7d6aea720b86d4a360f75','492459ca8f0341e540c6efbb83dc3a88'),(233,'Ann Mathew','150905021','7760790292','reachannm@gmail.com','Manipal Institute of Technology','reachannm','bffb286fdbca669fd0571e427739ef25','4260d5dfdde94cdb75d604b1941a6a84'),(234,'Abhinav Agrawal','130911304','9916903100','abhinavagrawal1995@gmail.com','MIT','abhinav','7e45696bc221625bbb2242260d0f6cf2',''),(235,'Ayush Bajaj','150911186','9008277514','bajaj68@gmail.com','MIT','bajaj98','4fcddbb515a1542dcda7518bd60021db','6f35e6d412adfa3f57305d8e51e3376c'),(236,'sidharth soni','2058583','9743817982','siddharth.soni57@gmail.com','Manipal Institute of technology','sidharth_soni','815e49df2c1f75fb3310b87f32d0060f',''),(237,'Snigdha Uppala','140934002','9036908009','snigdha.uppala@yahoo.co.in','MIT','snigdhauppala','6d9da4f86e66a90da51e2d5ea3c473e8',''),(238,'Shriya Atmakuri','140905568','9035157514','shriya.atmak@gmail.com','Manipal Institute of Technology','ShriyaA','302dae50705fe97ae693adf2cf6f54ed',''),(239,'Sudarshan Khasnis','150911042','7676253722','sudarshan.khasnis@gmail.com','Manipal Institute of Technology','sudk97','48312a41b64095bf6b91541aa6986a28','cd33722df0c2ce7ca697b8aeb04eec3d'),(240,'Prashant Kumar','150907358','7760700292','prashantkr2527@gmail.com','MIT Manipal','prashantkr2527','66e1df582ae7eccd63d2e574b3a5d7d8','e71800751d9688f20459a051baa352ca'),(241,'ABHISHEK ANAND','140921342','9036910695','10abhishekanand@gmail.com','MIT Manipal','Anand','f2d34f7840f1a9350f1834458da0892c',''),(242,'Rudraneel Das','150907382','09008401141','rudraneeldas@yahoo.in','MIT','Rudraneel','42032fcca91ee2e23185630b201c477e',''),(243,'Aayush khanduri','150929098','9711309768','aayushkhanduri@gmail.com','MIT','Aayushkh','cab7ea163f2ddb74e4f9edb8cc6a9461','d743f2832e8505b8688d3d54beaab9fc'),(244,'Pratik Kumar Prusti','130934202','7259626018','pratikprusti@gmail.com','MIT','dante','51dc30ddc473d43a6011e9ebba6ca770',''),(245,'Siddharth','140929238','9035942003','siddharthr191@gmail.com','MIT','Siddharthr191','5ae93dc8bdd545773f786b20fbbfe65d',''),(246,'Nikhil Gupta','140911466','7795602789','nanonikhil@gmail.com','Manipal Institute of Technology','nikhilgupta23','7cb049b00d92b45be5db73bce1874a24','62158b9ac51ffb8b92fe8875e163b991'),(247,'Nishanth','130911070','8892528264','nishanthnarayan027@gmail.com','MIT','nishanth','59a7dd20361895273c97cffa9d91438e',''),(248,'k pramodh','150909136','7411425459','pramodhwolvie@gmail.com','MIT','pramodhwolvie@gmail.com','afcc85c50bf2c63281872d36d517118b',''),(249,'KDS Chandan','130904004','7795122626','kdschandan@gmail.com','MIT','chandan','5166fd3fee463b7c9992293e84f098f0','2d40a94a8f99c493443eaa8292dc55bf'),(250,'Shubharthi Talukdar','140921318','9739317111','shubharthitalukdar@gmail.com','MIT','shubharthitalukdar@gmail.com','069a6a9ccaaca7967a0c43cb5e161187',''),(251,'ABHISHEK ANAND','140906844','9036910695','abhishek.anand15@learner.manipal.edu','MIT Manipal','Anand10','f2d34f7840f1a9350f1834458da0892c',''),(252,'Kaivan Shah','150911222','9769225951','kaivanshah97@gmail.com','MIT','kai17','837f6d208f663c4795dd67ba895e9eb9',''),(253,'TP Singh','12345','12345','To@to.com','12345','A1234567','827ccb0eea8a706c4c34a16891f84e7b',''),(254,'Umang agarwal','150905158','9760425974','agarwalumang380@gmail.com','MIT','Umang','6eea9b7ef19179a06954edd0f6c05ceb','4317abe196013f38378887d595df398b'),(255,'Madhav Chauhan','150929024',' 918884668744','oyemadhav@gmail.com','MIT Manipal','oyemadhav@gmail.com','70fd7fbf03437a12a64309037e5d81f9',''),(256,'Rohan prakash','130906562','9844311967','prakashrohan1995@yahoo.com','Mit manipal','prakashrohan1995','b296ba28f4800015d8018ad62dee859d',''),(257,'Niggaone','140000000','9','Wasen1966@gustr.com','MIT','niggaone','21b986828d29f868460bcce4d26de4cf',''),(258,'Ashish kalra','150906152','8979100824','Aashish.kalra07@gmail.com','MIT','Aashish007','4816b5c9d50776e1850cb07cde4a7465',''),(259,'Helik Thacker','150905162','8082365098','thackerhelik@gmail.com','Manipal Institute of Technology','thackerhelik','0a3dff7c460276c47f644373f426d9d5','8187448b4ca8da5f25c512ee12c961b8'),(260,'Rishav Gupta','150953224','8961682172','rishavgupta26081996@yahoo.com','MIT','RishavG96','6a2e15c88f0da90c21b923480018d4b0','10d6d8776130b3e32ceb253abbd14eef'),(261,'prasoon','140955032','8884255177','prasoon.yadav2@gmail.com','MIT','prasoon','fc5e038d38a57032085441e7fe7010b0',''),(262,'Nigga two','140000001','8','Saturs1958@rhyta.com','MIT','niggatwo','5e276e86ecdb1f95a6930d26f883182b',''),(263,'Nigga','140000002','7','Sured1989@superrito.com','Mit','niggathree','730df6fd0b13cecf20e6b6437b4ea747',''),(265,'Nigga','14000003','12','Glead1963@gustr.com','MIT','niggafour','e02b951b92e10d9a5024e1f983663383','110bdc2a23c517d42bb87663da10ca26'),(264,'Himanshu Malik','150907290','9811220383','himanshumalik0911@gmail.com','MIT','himanshumalik0911','a632874c489e58b0cb23fea7b8f4cd64','8d3e2e2baaf8173b682ebf276d878ee3'),(266,'Nigga','140000007','23','Glead1963@superrito.com','MIT','niggafive','0834fc1dd31585ba864f9c3223bda13d',''),(267,'Aseem Praharsh Pumpy','130904460','9663595854','appumpy@gmail.com','Manipal Institute Of Technology','appumpy','e484c7843b4d1a4bc3c6c6851cb4ed40','52b8605063d2c5a448390ebe7b4e1d85'),(268,'ABHISHEK ANAND','140906844','9036910695','abhishekanand10@outlook.com','MIT M','Anand.10','f2d34f7840f1a9350f1834458da0892c',''),(269,'Nikhil Singh','130906522','9663595104','nik.kewl@gmail.com','MIT','nikhil','35a15ff09c8f9ec3932022f2b0e2ada4','d1ebf118f144a54bb3fb07106201144c'),(271,'DIVYANATH GAUTAM','140904562','7411262125','gautam1005@gmail.com','MIT, Manipal','gautam1005','09101fec989faa9af4748570780caf10',''),(270,'Yashvarya Mehta','150904312','7829068869','yashvarya.2911@gmail.com','manipal insitute of technology','yashvarya.mehta','3bc5ce0db06a0135fc1838293356266c',''),(272,'DIVYANATH GAUTAM','140904563','7411262125','panzer1005@gmail.com','MIT, Manipal','gautam1006','09101fec989faa9af4748570780caf10',''),(273,'Anvesh','140907140','7259634123','anveshcma@gmail.com','Mit','anveshcma','75a593a34aa5ba8e5e5788b7c899802e','a15363911b702f7d3e9226bdedac8745'),(274,'S V Pranav','130909050','7259633087','Sivalenka.pranav@gmail.com','MIT','pranav.22895','fb9ef71e1e9d9e6caae05e8538f9589c',''),(275,'Nischal','130909164','7795144177','njnischal@gmail.com','Manipal Institute of Technology','njnischal','7f4fee5c5a5bee72710a222e037c8851','23709a52a3d8313eb029377d4d0f9fa7'),(276,'Pramodh','2255567','7411425459','Pramodhwolvie@gmail.com','Manipal','Pramodhwolvie19@gmail.com','fd38ff387e7da96ca938a58be52f4ad4',''),(277,'Harshith','140907016','9483220079','harshithv7016@gmail.com','MAnipal Institute of Technology','Harshith','b52c26b8233cead5a303aef4fefcc931',''),(278,'Hemton Anto','130921550','9663559502','hemton.anto@learner.manipal.edu','M.I.T (Manipal)','hemtonanto','4207e1e6e3809688a8b9ed1b2c1b7faa',''),(279,'Shweta Sharma','130921526','7795178811','sharma.shweta709@gmail.com','M.I.T (Manipal)','shwetasharma','e15806424fcd348214138bc43b2bb9e1',''),(280,'Pranav S V','130909050','7259633087','sivalenka.pranav@gmail.com','MIT','pranav_22895','fb9ef71e1e9d9e6caae05e8538f9589c','f75ff84eb15910b040b6c895569a994b'),(281,'shrinidhi urala','150929002','9741161741','shrinidhiurala1234@gmail.com','MIT','shrinidhiurala','97c4ba741b92a55eb848dcc32de9199c','d9bac39d4f26e741d2e90c3e3aa98ed6'),(282,'asdfasdf','234234','234234','sadfsdf@asdfasdf.com','asdfasdf','test100','912ec803b2ce49e4a541068d495ab570','');
/*!40000 ALTER TABLE `oe_players_main` ENABLE KEYS */;
UNLOCK TABLES;
/*!40103 SET TIME_ZONE=@OLD_TIME_ZONE */;

/*!40101 SET SQL_MODE=@OLD_SQL_MODE */;
/*!40014 SET FOREIGN_KEY_CHECKS=@OLD_FOREIGN_KEY_CHECKS */;
/*!40014 SET UNIQUE_CHECKS=@OLD_UNIQUE_CHECKS */;
/*!40101 SET CHARACTER_SET_CLIENT=@OLD_CHARACTER_SET_CLIENT */;
/*!40101 SET CHARACTER_SET_RESULTS=@OLD_CHARACTER_SET_RESULTS */;
/*!40101 SET COLLATION_CONNECTION=@OLD_COLLATION_CONNECTION */;
/*!40111 SET SQL_NOTES=@OLD_SQL_NOTES */;

-- Dump completed on 2015-12-19 21:39:43
