{"pieces":{"11":{"rotation":0,"file":"NTujX.png"},"12":{"rotation":0,"file":"Q2ZdX.png"},"13":{"rotation":0,"file":"Urv29.png"},"14":{"rotation":0,"file":"rdgUw.png"},"21":{"rotation":0,"file":"2n5kb.png"},"22":{"rotation":0,"file":"mwaaa.png"},"23":{"rotation":0,"file":"nX4Sg.png"},"24":{"rotation":0,"file":"2Ij2W.png"},"31":{"rotation":0,"file":"gWoMZ.png"},"32":{"rotation":0,"file":"xecO8.png"},"33":{"rotation":0,"file":"JRvOb.png"},"34":{"rotation":0,"file":"HbHRl.png"},"41":{"rotation":0,"file":"SfiX7.png"},"42":{"rotation":0,"file":"zZQS1.png"},"43":{"rotation":0,"file":"N9YbW.png"},"44":{"rotation":0,"file":"XIaaw.png"},"51":{"rotation":0,"file":"jTnOI.png"},"52":{"rotation":0,"file":"yvUgn.png"},"53":{"rotation":0,"file":"f8Cx6.png"},"54":{"rotation":0,"file":"J76AZ.png"}}}