{"pieces":{"11":{"rotation":0,"file":"8n96y.png"},"12":{"rotation":0,"file":"54gfe.png"},"13":{"rotation":0,"file":"Nz8an.png"},"14":{"rotation":0,"file":"RJTLZ.png"},"21":{"rotation":0,"file":"g18Tz.png"},"22":{"rotation":0,"file":"eDGkd.png"},"23":{"rotation":0,"file":"GsAPz.png"},"24":{"rotation":0,"file":"9UDpa.png"},"31":{"rotation":0,"file":"SdJ0n.png"},"32":{"rotation":0,"file":"7S70D.png"},"33":{"rotation":0,"file":"6hFfa.png"},"34":{"rotation":0,"file":"etNUO.png"},"41":{"rotation":0,"file":"1AhBp.png"},"42":{"rotation":0,"file":"QLktb.png"},"43":{"rotation":0,"file":"uloem.png"},"44":{"rotation":0,"file":"MleTm.png"},"51":{"rotation":0,"file":"S0Dxf.png"},"52":{"rotation":0,"file":"OLJCG.png"},"53":{"rotation":0,"file":"xDgPf.png"},"54":{"rotation":0,"file":"GF108.png"}}}