{"pieces":{"11":{"rotation":0,"file":"cvuAK.png"},"12":{"rotation":0,"file":"Qm55g.png"},"13":{"rotation":0,"file":"rXg5v.png"},"14":{"rotation":0,"file":"wUgfw.png"},"21":{"rotation":0,"file":"WNadC.png"},"22":{"rotation":0,"file":"qUirV.png"},"23":{"rotation":0,"file":"rDrVe.png"},"24":{"rotation":0,"file":"bMBgR.png"},"31":{"rotation":0,"file":"RIP8O.png"},"32":{"rotation":0,"file":"kEIBU.png"},"33":{"rotation":0,"file":"fyIqL.png"},"34":{"rotation":0,"file":"lRFDj.png"},"41":{"rotation":0,"file":"B5W20.png"},"42":{"rotation":0,"file":"bdNMu.png"},"43":{"rotation":0,"file":"FDduM.png"},"44":{"rotation":0,"file":"1PrKq.png"},"51":{"rotation":0,"file":"m0Y4q.png"},"52":{"rotation":0,"file":"Kqiq4.png"},"53":{"rotation":0,"file":"B19y4.png"},"54":{"rotation":0,"file":"aJhXw.png"}}}